Entity,Code,Date,Total_tests_per_thousand,Total_tests_per_million,Number_of_tests_per_confirmed_case
United States,USA,"Jan 21, 2020",0,0,14
United States,USA,"Jan 22, 2020",0,0,24
United States,USA,"Jan 23, 2020",0,0,60
United States,USA,"Jan 24, 2020",0,0,113
United States,USA,"Jan 25, 2020",0.001,1.000,107
United States,USA,"Jan 26, 2020",0.001,1.000,146.5
United States,USA,"Jan 27, 2020",0.001,1.000,74
United States,USA,"Jan 28, 2020",0.001,1.000,87
United States,USA,"Jan 29, 2020",0.002,2.000,107.4
United States,USA,"Jan 30, 2020",0.002,2.000,158.6
United States,USA,"Jan 31, 2020",0.003,3.000,142.667
United States,USA,"Feb 1, 2020",0.004,4.000,167
United States,USA,"Feb 2, 2020",0.004,4.000,150.375
United States,USA,"Feb 3, 2020",0.004,4.000,121.364
United States,USA,"Feb 4, 2020",0.004,4.000,130
United States,USA,"Feb 5, 2020",0.005,5.000,139.818
United States,USA,"Feb 6, 2020",0.005,5.000,134.667
United States,USA,"Feb 7, 2020",0.005,5.000,142.417
United States,USA,"Feb 8, 2020",0.005,5.000,149
United States,USA,"Feb 9, 2020",0.006,6.000,152.583
United States,USA,"Feb 10, 2020",0.006,6.000,156
United States,USA,"Feb 11, 2020",0.006,6.000,151.846
United States,USA,"Feb 12, 2020",0.006,6.000,156.308
United States,USA,"Feb 13, 2020",0.006,6.000,148.929
United States,USA,"Feb 14, 2020",0.006,6.000,141.933
United States,USA,"Feb 15, 2020",0.007,7.000,145.733
United States,USA,"Feb 16, 2020",0.007,7.000,147.4
United States,USA,"Feb 17, 2020",0.007,7.000,149.8
United States,USA,"Feb 18, 2020",0.007,7.000,152.8
United States,USA,"Feb 19, 2020",0.007,7.000,157.6
United States,USA,"Feb 20, 2020",0.007,7.000,161.8
United States,USA,"Feb 21, 2020",0.008,8.000,167.688
United States,USA,"Feb 22, 2020",0.009,9.000,84.057
United States,USA,"Feb 23, 2020",0.009,9.000,86.086
United States,USA,"Feb 24, 2020",0.009,9.000,88.343
United States,USA,"Feb 25, 2020",0.01,10.00,59.66
United States,USA,"Feb 26, 2020",0.01,10.00,61.792
United States,USA,"Feb 27, 2020",0.011,11.000,59.085
United States,USA,"Feb 28, 2020",0.011,11.000,62.767
United States,USA,"Feb 29, 2020",0.013,13.000,62.742
United States,USA,"Mar 1, 2020",0.013,13.000,64.42
United States,USA,"Mar 2, 2020",0.015,15.000,57.573
United States,USA,"Mar 3, 2020",0.018,18.000,58.65
United States,USA,"Mar 4, 2020",0.022,22.000,59.032
United States,USA,"Mar 5, 2020",0.028,28.000,58.201
United States,USA,"Mar 6, 2020",0.034,34.000,48.528
United States,USA,"Mar 7, 2020",0.04,40.00,38.822
United States,USA,"Mar 8, 2020",0.045,45.000,34.721
United States,USA,"Mar 9, 2020",0.057,57.000,34.148
United States,USA,"Mar 10, 2020",0.07,70.00,30.716
United States,USA,"Mar 11, 2020",0.086,86.000,27.635
United States,USA,"Mar 12, 2020",0.108,108.000,27.228
United States,USA,"Mar 13, 2020",0.131,131.000,26.152
United States,USA,"Mar 14, 2020",0.152,152.000,23.121
United States,USA,"Mar 15, 2020",0.172,172.000,19.26
United States,USA,"Mar 16, 2020",0.209,209.000,18.371
United States,USA,"Mar 17, 2020",0.246,246.000,17.491
United States,USA,"Mar 18, 2020",0.28,280.00,14.427
United States,USA,"Mar 19, 2020",0.314,314.000,11.023
United States,USA,"Mar 20, 2020",0.346,346.000,8.039
United States,USA,"Mar 21, 2020",0.365,365.000,6.158
United States,USA,"Mar 22, 2020",0.382,382.000,4.724
United States,USA,"Mar 23, 2020",0.413,413.000,3.882
United States,USA,"Mar 24, 2020",0.444,444.000,3.164
United States,USA,"Mar 25, 2020",0.477,477.000,2.857
United States,USA,"Mar 26, 2020",0.512,512.000,2.45
United States,USA,"Mar 27, 2020",0.546,546.000,2.103
United States,USA,"Mar 28, 2020",0.57,570.00,1.802
United States,USA,"Mar 29, 2020",0.589,589.000,1.565
United States,USA,"Mar 30, 2020",0.627,627.000,1.451
United States,USA,"Mar 31, 2020",0.666,666.000,1.34
United States,USA,"Apr 1, 2020",0.705,705.000,1.23
United States,USA,"Apr 2, 2020",0.746,746.000,1.14
United States,USA,"Apr 3, 2020",0.789,789.000,1.063
United States,USA,"Apr 4, 2020",0.815,815.000,0.97
United States,USA,"Apr 5, 2020",0.838,838.000,0.888
United States,USA,"Apr 6, 2020",0.881,881.000,0.864
United States,USA,"Apr 7, 2020",0.923,923.000,0.83
United States,USA,"Apr 8, 2020",0.966,966.000,0.802
United States,USA,"Apr 9, 2020",1.005,1005.000,0.77
United States,USA,"Apr 10, 2020",1.047,1047.000,0.743
United States,USA,"Apr 11, 2020",1.069,1069.000,0.705
United States,USA,"Apr 12, 2020",1.081,1081.000,0.675
United States,USA,"Apr 13, 2020",1.12,1120.00,0.665
United States,USA,"Apr 14, 2020",1.159,1159.000,0.658
United States,USA,"Apr 15, 2020",1.2,1200.0,0.652
United States,USA,"Apr 16, 2020",1.242,1242.000,0.643
United States,USA,"Apr 17, 2020",1.291,1291.000,0.636
United States,USA,"Apr 18, 2020",1.318,1318.000,0.621
United States,USA,"Apr 19, 2020",1.34,1340.00,0.603
United States,USA,"Apr 20, 2020",1.391,1391.000,0.606
United States,USA,"Apr 21, 2020",1.446,1446.000,0.608
United States,USA,"Apr 22, 2020",1.51,1510.00,0.606
United States,USA,"Apr 23, 2020",1.58,1580.00,0.621
United States,USA,"Apr 24, 2020",1.657,1657.000,0.631
United States,USA,"Apr 25, 2020",1.706,1706.000,0.634
United States,USA,"Apr 26, 2020",1.733,1733.000,0.611
United States,USA,"Apr 27, 2020",1.806,1806.000,0.619
United States,USA,"Apr 28, 2020",1.882,1882.000,0.63
United States,USA,"Apr 29, 2020",1.958,1958.000,0.64
United States,USA,"Apr 30, 2020",2.035,2035.000,0.648
United States,USA,"May 1, 2020",2.11,2110.00,0.653
United States,USA,"May 2, 2020",2.146,2146.000,0.644
United States,USA,"May 3, 2020",2.168,2168.000,0.633
United States,USA,"May 4, 2020",2.237,2237.000,0.639
United States,USA,"May 5, 2020",2.312,2312.000,0.648
United States,USA,"May 6, 2020",2.377,2377.000,0.653
United States,USA,"May 7, 2020",2.436,2436.000,0.656
United States,USA,"May 8, 2020",2.481,2481.000,0.653
United States,USA,"May 9, 2020",2.492,2492.000,0.642
United States,USA,"May 10, 2020",2.492,2492.000,0.63
United States,USA,"May 11, 2020",2.492,2492.000,0.62
Spain,ESP,"Apr 13, 2020",19.896,19896.000,5.603
Spain,ESP,"Apr 23, 2020",22.148,22148.000,5.173
Spain,ESP,"Apr 30, 2020",28.898,28898.000,6.33
Spain,ESP,"May 7, 2020",34.76,34760.00,7.339
Russia,RUS,"Mar 5, 2020",0.318,318.000,11603.5
Russia,RUS,"Mar 6, 2020",0.352,352.000,12841.5
Russia,RUS,"Mar 7, 2020",0.382,382.000,5568.8
Russia,RUS,"Mar 8, 2020",0.411,411.000,5996
Russia,RUS,"Mar 9, 2020",0.433,433.000,6319.1
Russia,RUS,"Mar 11, 2020",0.484,484.000,7060.1
Russia,RUS,"Mar 12, 2020",0.527,527.000,3078.52
Russia,RUS,"Mar 14, 2020",0.65,650.00,2107.822
Russia,RUS,"Mar 15, 2020",0.719,719.000,1777.678
Russia,RUS,"Mar 16, 2020",0.753,753.000,1745.063
Russia,RUS,"Mar 17, 2020",0.795,795.000,1247.968
Russia,RUS,"Mar 18, 2020",0.842,842.000,1077.667
Russia,RUS,"Mar 19, 2020",0.912,912.000,905.449
Russia,RUS,"Mar 20, 2020",0.983,983.000,721.201
Russia,RUS,"Mar 21, 2020",1.069,1069.000,616.664
Russia,RUS,"Mar 22, 2020",1.121,1121.000,534.408
Russia,RUS,"Mar 23, 2020",1.136,1136.000,378.475
Russia,RUS,"Mar 24, 2020",1.274,1274.000,424.47
Russia,RUS,"Mar 25, 2020",1.321,1321.000,389.543
Russia,RUS,"Mar 26, 2020",1.352,1352.000,299.774
Russia,RUS,"Mar 27, 2020",1.532,1532.000,266.082
Russia,RUS,"Mar 28, 2020",1.668,1668.000,234.92
Russia,RUS,"Mar 29, 2020",1.808,1808.000,208.772
Russia,RUS,"Mar 30, 2020",2.354,2354.000,223.939
Russia,RUS,"Apr 1, 2020",2.785,2785.000,173.941
Russia,RUS,"Apr 2, 2020",3.673,3673.000,193.014
Russia,RUS,"Apr 3, 2020",3.941,3941.000,162.092
Russia,RUS,"Apr 4, 2020",4.383,4383.000,154.159
Russia,RUS,"Apr 5, 2020",4.776,4776.000,147.327
Russia,RUS,"Apr 6, 2020",5.197,5197.000,140.731
Russia,RUS,"Apr 7, 2020",5.451,5451.000,125.417
Russia,RUS,"Apr 8, 2020",6.237,6237.000,121.411
Russia,RUS,"Apr 9, 2020",6.885,6885.000,115.858
Russia,RUS,"Apr 10, 2020",7.488,7488.000,107.868
Russia,RUS,"Apr 11, 2020",8.116,8116.000,99.391
Russia,RUS,"Apr 12, 2020",8.762,8762.000,94.136
Russia,RUS,"Apr 13, 2020",9.319,9319.000,86.239
Russia,RUS,"Apr 14, 2020",9.772,9772.000,77.805
Russia,RUS,"Apr 15, 2020",10.402,10402.000,71.936
Russia,RUS,"Apr 16, 2020",11.056,11056.000,65.88
Russia,RUS,"Apr 17, 2020",11.773,11773.000,61.494
Russia,RUS,"Apr 18, 2020",12.553,12553.000,57.232
Russia,RUS,"Apr 19, 2020",13.361,13361.000,52.994
Russia,RUS,"Apr 20, 2020",14.07,14070.00,47.915
Russia,RUS,"Apr 21, 2020",14.682,14682.000,45.47
Russia,RUS,"Apr 22, 2020",15.435,15435.000,42.692
Russia,RUS,"Apr 23, 2020",16.457,16457.000,41.408
Russia,RUS,"Apr 24, 2020",17.487,17487.000,40.654
Russia,RUS,"Apr 25, 2020",18.649,18649.000,39.659
Russia,RUS,"Apr 26, 2020",19.719,19719.000,38.581
Russia,RUS,"Apr 27, 2020",20.69,20690.00,37.3
Russia,RUS,"Apr 28, 2020",21.511,21511.000,36.023
Russia,RUS,"Apr 29, 2020",22.638,22638.000,35.312
Russia,RUS,"Apr 30, 2020",23.972,23972.000,35.195
Russia,RUS,"May 1, 2020",25.517,25517.000,34.966
Russia,RUS,"May 2, 2020",27.036,27036.000,34.479
Russia,RUS,"May 3, 2020",28.095,28095.000,33.05
Russia,RUS,"May 4, 2020",29.488,29488.000,31.95
Russia,RUS,"May 5, 2020",30.564,30564.000,30.704
Russia,RUS,"May 6, 2020",31.752,31752.000,29.824
Russia,RUS,"May 7, 2020",32.913,32913.000,28.947
Russia,RUS,"May 8, 2020",34.176,34176.000,28.152
Russia,RUS,"May 9, 2020",35.783,35783.000,27.797
Russia,RUS,"May 10, 2020",37.335,37335.000,27.424
Russia,RUS,"May 11, 2020",38.625,38625.000,26.882
Russia,RUS,"May 12, 2020",39.781,39781.000,26.228
United Kingdom,GBR,"Jan 31, 2020",0.003,3.000,88.5
United Kingdom,GBR,"Feb 1, 2020",0.003,3.000,101.5
United Kingdom,GBR,"Feb 2, 2020",0.004,4.000,133
United Kingdom,GBR,"Feb 3, 2020",0.005,5.000,163
United Kingdom,GBR,"Feb 4, 2020",0.006,6.000,208
United Kingdom,GBR,"Feb 5, 2020",0.007,7.000,234
United Kingdom,GBR,"Feb 6, 2020",0.008,8.000,283
United Kingdom,GBR,"Feb 7, 2020",0.009,9.000,206.667
United Kingdom,GBR,"Feb 8, 2020",0.01,10.00,228.667
United Kingdom,GBR,"Feb 9, 2020",0.012,12.000,198.75
United Kingdom,GBR,"Feb 10, 2020",0.016,16.000,278.5
United Kingdom,GBR,"Feb 11, 2020",0.02,20.00,169.75
United Kingdom,GBR,"Feb 12, 2020",0.026,26.000,219.75
United Kingdom,GBR,"Feb 13, 2020",0.037,37.000,280.111
United Kingdom,GBR,"Feb 14, 2020",0.044,44.000,329.333
United Kingdom,GBR,"Feb 15, 2020",0.044,44.000,332.444
United Kingdom,GBR,"Feb 16, 2020",0.046,46.000,345.444
United Kingdom,GBR,"Feb 17, 2020",0.066,66.000,500.111
United Kingdom,GBR,"Feb 18, 2020",0.072,72.000,546.222
United Kingdom,GBR,"Feb 19, 2020",0.077,77.000,578.556
United Kingdom,GBR,"Feb 20, 2020",0.082,82.000,616.556
United Kingdom,GBR,"Feb 21, 2020",0.087,87.000,653.889
United Kingdom,GBR,"Feb 22, 2020",0.091,91.000,683.556
United Kingdom,GBR,"Feb 23, 2020",0.093,93.000,702.667
United Kingdom,GBR,"Feb 24, 2020",0.096,96.000,502.769
United Kingdom,GBR,"Feb 25, 2020",0.1,100.0,522.692
United Kingdom,GBR,"Feb 26, 2020",0.105,105.000,548.615
United Kingdom,GBR,"Feb 27, 2020",0.113,113.000,591.538
United Kingdom,GBR,"Feb 28, 2020",0.132,132.000,561.625
United Kingdom,GBR,"Feb 29, 2020",0.154,154.000,582.389
United Kingdom,GBR,"Mar 1, 2020",0.173,173.000,510.87
United Kingdom,GBR,"Mar 2, 2020",0.199,199.000,375.694
United Kingdom,GBR,"Mar 3, 2020",0.205,205.000,347.775
United Kingdom,GBR,"Mar 4, 2020",0.245,245.000,326.647
United Kingdom,GBR,"Mar 5, 2020",0.266,266.000,212.741
United Kingdom,GBR,"Mar 6, 2020",0.3,300.0,176.852
United Kingdom,GBR,"Mar 7, 2020",0.316,316.000,131.656
United Kingdom,GBR,"Mar 8, 2020",0.346,346.000,114.141
United Kingdom,GBR,"Mar 9, 2020",0.368,368.000,91.429
United Kingdom,GBR,"Mar 10, 2020",0.387,387.000,81.81
United Kingdom,GBR,"Mar 11, 2020",0.405,405.000,73.662
United Kingdom,GBR,"Mar 12, 2020",0.438,438.000,65.272
United Kingdom,GBR,"Mar 13, 2020",0.483,483.000,55.544
United Kingdom,GBR,"Mar 14, 2020",0.556,556.000,53.389
United Kingdom,GBR,"Mar 15, 2020",0.593,593.000,35.332
United Kingdom,GBR,"Mar 16, 2020",0.65,650.00,31.707
United Kingdom,GBR,"Mar 17, 2020",0.743,743.000,32.691
United Kingdom,GBR,"Mar 18, 2020",0.828,828.000,28.831
United Kingdom,GBR,"Mar 19, 2020",0.952,952.000,24.571
United Kingdom,GBR,"Mar 20, 2020",0.987,987.000,20.438
United Kingdom,GBR,"Mar 21, 2020",1.073,1073.000,18.282
United Kingdom,GBR,"Mar 22, 2020",1.154,1154.000,15.612
United Kingdom,GBR,"Mar 23, 2020",1.237,1237.000,14.771
United Kingdom,GBR,"Mar 24, 2020",1.332,1332.000,13.599
United Kingdom,GBR,"Mar 25, 2020",1.429,1429.000,12.012
United Kingdom,GBR,"Mar 26, 2020",1.545,1545.000,11.005
United Kingdom,GBR,"Mar 27, 2020",1.676,1676.000,9.76
United Kingdom,GBR,"Mar 28, 2020",1.779,1779.000,8.305
United Kingdom,GBR,"Mar 29, 2020",1.882,1882.000,7.475
United Kingdom,GBR,"Mar 30, 2020",1.988,1988.000,6.913
United Kingdom,GBR,"Mar 31, 2020",2.109,2109.000,6.467
United Kingdom,GBR,"Apr 1, 2020",2.253,2253.000,6.083
United Kingdom,GBR,"Apr 2, 2020",2.404,2404.000,5.537
United Kingdom,GBR,"Apr 3, 2020",2.56,2560.00,5.154
United Kingdom,GBR,"Apr 4, 2020",2.698,2698.000,4.8
United Kingdom,GBR,"Apr 5, 2020",2.88,2880.00,4.666
United Kingdom,GBR,"Apr 6, 2020",3.076,3076.000,4.368
United Kingdom,GBR,"Apr 7, 2020",3.14,3140.00,4.131
United Kingdom,GBR,"Apr 8, 2020",3.428,3428.000,4.213
United Kingdom,GBR,"Apr 9, 2020",3.586,3586.000,4.008
United Kingdom,GBR,"Apr 10, 2020",3.78,3780.00,3.943
United Kingdom,GBR,"Apr 11, 2020",3.971,3971.000,3.836
United Kingdom,GBR,"Apr 12, 2020",4.16,4160.00,3.575
United Kingdom,GBR,"Apr 13, 2020",4.282,4282.000,3.449
United Kingdom,GBR,"Apr 14, 2020",4.457,4457.000,3.415
United Kingdom,GBR,"Apr 15, 2020",4.622,4622.000,3.342
United Kingdom,GBR,"Apr 16, 2020",4.826,4826.000,3.327
United Kingdom,GBR,"Apr 17, 2020",5.031,5031.000,3.313
United Kingdom,GBR,"Apr 18, 2020",5.259,5259.000,3.285
United Kingdom,GBR,"Apr 19, 2020",5.494,5494.000,3.265
United Kingdom,GBR,"Apr 20, 2020",5.687,5687.000,3.215
United Kingdom,GBR,"Apr 21, 2020",5.858,5858.000,3.188
United Kingdom,GBR,"Apr 22, 2020",6.057,6057.000,3.186
United Kingdom,GBR,"Apr 23, 2020",6.273,6273.000,3.19
United Kingdom,GBR,"Apr 24, 2020",6.544,6544.000,3.217
United Kingdom,GBR,"Apr 25, 2020",7.628,7628.000,3.61
United Kingdom,GBR,"Apr 26, 2020",8.005,8005.000,3.662
United Kingdom,GBR,"Apr 27, 2020",8.393,8393.000,3.728
United Kingdom,GBR,"Apr 28, 2020",8.829,8829.000,3.814
United Kingdom,GBR,"Apr 29, 2020",9.321,9321.000,3.927
United Kingdom,GBR,"Apr 30, 2020",10.125,10125.000,4.16
United Kingdom,GBR,"May 1, 2020",11.229,11229.000,4.451
United Kingdom,GBR,"May 2, 2020",12.167,12167.000,4.654
United Kingdom,GBR,"May 3, 2020",12.997,12997.000,4.841
United Kingdom,GBR,"May 4, 2020",13.925,13925.000,5.066
United Kingdom,GBR,"May 5, 2020",14.954,14954.000,5.326
United Kingdom,GBR,"May 6, 2020",15.793,15793.000,5.498
United Kingdom,GBR,"May 7, 2020",16.787,16787.000,5.664
United Kingdom,GBR,"May 8, 2020",17.781,17781.000,5.839
United Kingdom,GBR,"May 9, 2020",18.714,18714.000,6.011
United Kingdom,GBR,"May 10, 2020",19.662,19662.000,6.201
United Kingdom,GBR,"May 11, 2020",20.624,20624.000,6.388
United Kingdom,GBR,"May 12, 2020",21.514,21514.000,6.548
Italy,ITA,"Feb 24, 2020",0.072,72.000,32.758
Italy,ITA,"Feb 25, 2020",0.143,143.000,37.655
Italy,ITA,"Feb 26, 2020",0.159,159.000,29.773
Italy,ITA,"Feb 27, 2020",0.199,199.000,30.035
Italy,ITA,"Feb 28, 2020",0.26,260.00,24.146
Italy,ITA,"Feb 29, 2020",0.309,309.000,21.015
Italy,ITA,"Mar 1, 2020",0.349,349.000,18.73
Italy,ITA,"Mar 2, 2020",0.386,386.000,13.822
Italy,ITA,"Mar 3, 2020",0.428,428.000,12.699
Italy,ITA,"Mar 4, 2020",0.493,493.000,11.925
Italy,ITA,"Mar 5, 2020",0.535,535.000,10.477
Italy,ITA,"Mar 6, 2020",0.601,601.000,9.424
Italy,ITA,"Mar 7, 2020",0.696,696.000,9.073
Italy,ITA,"Mar 8, 2020",0.826,826.000,8.488
Italy,ITA,"Mar 9, 2020",0.89,890.00,7.298
Italy,ITA,"Mar 10, 2020",1.005,1005.000,6.625
Italy,ITA,"Mar 11, 2020",1.21,1210.00,7.208
Italy,ITA,"Mar 12, 2020",1.423,1423.000,6.902
Italy,ITA,"Mar 13, 2020",1.612,1612.000,6.451
Italy,ITA,"Mar 14, 2020",1.806,1806.000,6.182
Italy,ITA,"Mar 15, 2020",2.066,2066.000,5.903
Italy,ITA,"Mar 16, 2020",2.282,2282.000,5.753
Italy,ITA,"Mar 17, 2020",2.459,2459.000,5.313
Italy,ITA,"Mar 18, 2020",2.738,2738.000,5.254
Italy,ITA,"Mar 19, 2020",3.023,3023.000,5.118
Italy,ITA,"Mar 20, 2020",3.422,3422.000,5.042
Italy,ITA,"Mar 21, 2020",3.857,3857.000,4.96
Italy,ITA,"Mar 22, 2020",4.274,4274.000,4.823
Italy,ITA,"Mar 23, 2020",4.556,4556.000,4.658
Italy,ITA,"Mar 24, 2020",4.912,4912.000,4.645
Italy,ITA,"Mar 25, 2020",5.366,5366.000,4.69
Italy,ITA,"Mar 26, 2020",5.972,5972.000,4.854
Italy,ITA,"Mar 27, 2020",6.518,6518.000,4.893
Italy,ITA,"Mar 28, 2020",7.104,7104.000,4.966
Italy,ITA,"Mar 29, 2020",7.509,7509.000,4.91
Italy,ITA,"Mar 30, 2020",7.895,7895.000,4.887
Italy,ITA,"Mar 31, 2020",8.385,8385.000,4.983
Italy,ITA,"Apr 1, 2020",8.955,8955.000,5.118
Italy,ITA,"Apr 2, 2020",9.613,9613.000,5.256
Italy,ITA,"Apr 3, 2020",10.252,10252.000,5.379
Italy,ITA,"Apr 4, 2020",10.87,10870.00,5.485
Italy,ITA,"Apr 5, 2020",11.436,11436.000,5.548
Italy,ITA,"Apr 6, 2020",11.937,11937.000,5.597
Italy,ITA,"Apr 7, 2020",12.495,12495.000,5.699
Italy,ITA,"Apr 8, 2020",13.349,13349.000,5.953
Italy,ITA,"Apr 9, 2020",14.114,14114.000,6.121
Italy,ITA,"Apr 10, 2020",14.999,14999.000,6.314
Italy,ITA,"Apr 11, 2020",15.935,15935.000,6.529
Italy,ITA,"Apr 12, 2020",16.708,16708.000,6.634
Italy,ITA,"Apr 13, 2020",17.315,17315.000,6.695
Italy,ITA,"Apr 14, 2020",17.758,17758.000,6.731
Italy,ITA,"Apr 15, 2020",18.481,18481.000,6.877
Italy,ITA,"Apr 16, 2020",19.49,19490.00,7.135
Italy,ITA,"Apr 17, 2020",20.577,20577.000,7.364
Italy,ITA,"Apr 18, 2020",21.598,21598.000,7.573
Italy,ITA,"Apr 19, 2020",22.436,22436.000,7.711
Italy,ITA,"Apr 20, 2020",23.122,23122.000,7.811
Italy,ITA,"Apr 21, 2020",23.985,23985.000,8.002
Italy,ITA,"Apr 22, 2020",25.028,25028.000,8.226
Italy,ITA,"Apr 23, 2020",26.131,26131.000,8.434
Italy,ITA,"Apr 24, 2020",27.164,27164.000,8.645
Italy,ITA,"Apr 25, 2020",28.245,28245.000,8.849
Italy,ITA,"Apr 26, 2020",29.071,29071.000,8.997
Italy,ITA,"Apr 27, 2020",29.6,29600.0,9.054
Italy,ITA,"Apr 28, 2020",30.547,30547.000,9.262
Italy,ITA,"Apr 29, 2020",31.603,31603.000,9.482
Italy,ITA,"Apr 30, 2020",32.735,32735.000,9.722
Italy,ITA,"May 1, 2020",33.962,33962.000,9.994
Italy,ITA,"May 2, 2020",34.879,34879.000,10.167
Italy,ITA,"May 3, 2020",35.622,35622.000,10.289
Italy,ITA,"May 4, 2020",36.244,36244.000,10.4
Italy,ITA,"May 5, 2020",37.158,37158.000,10.601
Italy,ITA,"May 6, 2020",38.221,38221.000,10.849
Italy,ITA,"May 7, 2020",39.385,39385.000,11.104
Italy,ITA,"May 8, 2020",40.44,40440.00,11.327
Italy,ITA,"May 9, 2020",41.584,41584.000,11.576
Italy,ITA,"May 10, 2020",42.439,42439.000,11.756
Italy,ITA,"May 11, 2020",43.112,43112.000,11.899
Italy,ITA,"May 12, 2020",44.221,44221.000,12.163
France,FRA,"Feb 24, 2020",0,0,2.583
France,FRA,"Feb 25, 2020",0.002,2.000,12.167
France,FRA,"Feb 26, 2020",0.006,6.000,29.429
France,FRA,"Feb 27, 2020",0.013,13.000,50.059
France,FRA,"Feb 28, 2020",0.02,20.00,34.632
France,FRA,"Feb 29, 2020",0.029,29.000,33.368
France,FRA,"Mar 1, 2020",0.038,38.000,24.51
France,FRA,"Mar 2, 2020",0.044,44.000,22.208
France,FRA,"Mar 3, 2020",0.055,55.000,20.191
France,FRA,"Mar 4, 2020",0.074,74.000,22.656
France,FRA,"Mar 5, 2020",0.093,93.000,21.214
France,FRA,"Mar 6, 2020",0.118,118.000,18.191
France,FRA,"Mar 7, 2020",0.145,145.000,15.489
France,FRA,"Mar 8, 2020",0.17,170.00,15.462
France,FRA,"Mar 9, 2020",0.194,194.000,11.25
France,FRA,"Mar 10, 2020",0.23,230.00,10.636
France,FRA,"Mar 15, 2020",0.563,563.000,8.168
France,FRA,"Mar 24, 2020",1.648,1648.000,5.416
France,FRA,"Mar 31, 2020",3.436,3436.000,5.034
France,FRA,"Apr 7, 2020",5.114,5114.000,4.487
France,FRA,"Apr 14, 2020",7.103,7103.000,4.728
France,FRA,"Apr 21, 2020",9.118,9118.000,5.191
France,FRA,"Apr 28, 2020",11.101,11101.000,5.761
France,FRA,"May 5, 2020",12.734,12734.000,6.303
Germany,DEU,"Mar 8, 2020",1.489,1489.000,147.244
Germany,DEU,"Mar 15, 2020",3.01,3010.00,66.449
Germany,DEU,"Mar 22, 2020",7.171,7171.000,27.992
Germany,DEU,"Mar 29, 2020",11.486,11486.000,18.313
Germany,DEU,"Apr 5, 2020",16.359,16359.000,14.945
Germany,DEU,"Apr 12, 2020",20.886,20886.000,14.524
Germany,DEU,"Apr 19, 2020",24.825,24825.000,14.867
Germany,DEU,"Apr 26, 2020",29.096,29096.000,15.812
Germany,DEU,"May 3, 2020",32.891,32891.000,16.959
Turkey,TUR,"Mar 18, 2020",0.119,119.000,102.224
Turkey,TUR,"Mar 19, 2020",0.142,142.000,62.822
Turkey,TUR,"Mar 20, 2020",0.186,186.000,43.607
Turkey,TUR,"Mar 21, 2020",0.221,221.000,27.772
Turkey,TUR,"Mar 22, 2020",0.241,241.000,21.484
Turkey,TUR,"Mar 23, 2020",0.285,285.000,19.431
Turkey,TUR,"Mar 24, 2020",0.332,332.000,18.292
Turkey,TUR,"Mar 25, 2020",0.391,391.000,17.63
Turkey,TUR,"Mar 26, 2020",0.478,478.000,16.56
Turkey,TUR,"Mar 27, 2020",0.567,567.000,13.178
Turkey,TUR,"Mar 28, 2020",0.658,658.000,9.734
Turkey,TUR,"Mar 29, 2020",0.776,776.000,8.842
Turkey,TUR,"Mar 30, 2020",0.913,913.000,8.352
Turkey,TUR,"Mar 31, 2020",1.096,1096.000,8.534
Turkey,TUR,"Apr 1, 2020",1.266,1266.000,7.893
Turkey,TUR,"Apr 2, 2020",1.489,1489.000,8.008
Turkey,TUR,"Apr 3, 2020",1.68,1680.00,7.815
Turkey,TUR,"Apr 4, 2020",1.913,1913.000,7.714
Turkey,TUR,"Apr 5, 2020",2.151,2151.000,7.581
Turkey,TUR,"Apr 6, 2020",2.405,2405.000,7.494
Turkey,TUR,"Apr 7, 2020",2.714,2714.000,7.574
Turkey,TUR,"Apr 8, 2020",2.938,2938.000,7.264
Turkey,TUR,"Apr 9, 2020",3.277,3277.000,7.229
Turkey,TUR,"Apr 10, 2020",3.643,3643.000,7.266
Turkey,TUR,"Apr 11, 2020",4.036,4036.000,7.238
Turkey,TUR,"Apr 12, 2020",4.459,4459.000,7.21
Turkey,TUR,"Apr 13, 2020",4.868,4868.000,7.208
Turkey,TUR,"Apr 14, 2020",5.26,5260.00,7.267
Turkey,TUR,"Apr 15, 2020",5.664,5664.000,7.337
Turkey,TUR,"Apr 16, 2020",6.144,6144.000,7.467
Turkey,TUR,"Apr 17, 2020",6.621,6621.000,7.526
Turkey,TUR,"Apr 18, 2020",7.101,7101.000,7.625
Turkey,TUR,"Apr 19, 2020",7.521,7521.000,7.704
Turkey,TUR,"Apr 20, 2020",7.991,7991.000,7.809
Turkey,TUR,"Apr 21, 2020",8.459,8459.000,7.841
Turkey,TUR,"Apr 22, 2020",8.904,8904.000,7.856
Turkey,TUR,"Apr 23, 2020",9.39,9390.00,8.025
Turkey,TUR,"Apr 24, 2020",9.844,9844.000,8.157
Turkey,TUR,"Apr 25, 2020",10.298,10298.000,8.279
Turkey,TUR,"Apr 26, 2020",10.656,10656.000,8.339
Turkey,TUR,"Apr 27, 2020",10.895,10895.000,8.344
Turkey,TUR,"Apr 28, 2020",11.242,11242.000,8.446
Turkey,TUR,"Apr 29, 2020",11.757,11757.000,8.649
Turkey,TUR,"Apr 30, 2020",12.255,12255.000,8.79
Turkey,TUR,"May 1, 2020",12.747,12747.000,8.944
Turkey,TUR,"May 3, 2020",13.462,13462.000,9.129
Turkey,TUR,"May 4, 2020",13.886,13886.000,9.291
Turkey,TUR,"May 5, 2020",14.281,14281.000,9.435
Turkey,TUR,"May 6, 2020",14.64,14640.00,9.535
Turkey,TUR,"May 7, 2020",15,15000,9.603
Turkey,TUR,"May 8, 2020",15.4,15400.0,9.713
Turkey,TUR,"May 9, 2020",15.822,15822.000,9.843
Turkey,TUR,"May 10, 2020",16.251,16251.000,9.996
Turkey,TUR,"May 11, 2020",16.639,16639.000,10.121
Turkey,TUR,"May 12, 2020",17.082,17082.000,10.307
Iran,IRN,"Apr 5, 2020",2.26,2260.00,3.405
Iran,IRN,"Apr 8, 2020",2.631,2631.000,3.531
Iran,IRN,"Apr 9, 2020",2.755,2755.000,3.583
Iran,IRN,"Apr 10, 2020",2.888,2888.000,3.663
Iran,IRN,"Apr 11, 2020",2.997,2997.000,3.691
Iran,IRN,"Apr 12, 2020",3.136,3136.000,3.761
Iran,IRN,"Apr 14, 2020",3.421,3421.000,3.92
Iran,IRN,"Apr 15, 2020",3.562,3562.000,3.996
Iran,IRN,"Apr 16, 2020",3.695,3695.000,4.063
Iran,IRN,"Apr 17, 2020",3.808,3808.000,4.101
Iran,IRN,"Apr 18, 2020",3.931,3931.000,4.153
Iran,IRN,"Apr 19, 2020",4.068,4068.000,4.225
Iran,IRN,"Apr 20, 2020",4.203,4203.000,4.294
Iran,IRN,"Apr 21, 2020",4.354,4354.000,4.38
Iran,IRN,"Apr 23, 2020",4.637,4637.000,4.529
Iran,IRN,"Apr 24, 2020",4.761,4761.000,4.595
Iran,IRN,"Apr 25, 2020",4.882,4882.000,4.65
Iran,IRN,"Apr 26, 2020",5.016,5016.000,4.716
Iran,IRN,"Apr 27, 2020",5.147,5147.000,4.778
Iran,IRN,"Apr 29, 2020",5.398,5398.000,4.897
Iran,IRN,"Apr 30, 2020",5.516,5516.000,4.947
Iran,IRN,"May 1, 2020",5.656,5656.000,5.019
Iran,IRN,"May 2, 2020",5.769,5769.000,5.066
Iran,IRN,"May 3, 2020",5.909,5909.000,5.145
Iran,IRN,"May 4, 2020",6.052,6052.000,5.217
Iran,IRN,"May 5, 2020",6.186,6186.000,5.267
Iran,IRN,"May 6, 2020",6.325,6325.000,5.314
Iran,IRN,"May 7, 2020",6.486,6486.000,5.359
Iran,IRN,"May 8, 2020",6.654,6654.000,5.419
Iran,IRN,"May 10, 2020",6.985,6985.000,5.523
Iran,IRN,"May 12, 2020",7.328,7328.000,5.632
India,IND,"Mar 13, 2020",0.005,5.000,86.667
India,IND,"Mar 18, 2020",0.01,10.00,95.803
India,IND,"Mar 19, 2020",0.01,10.00,80.703
India,IND,"Mar 20, 2020",0.01,10.00,75.267
India,IND,"Mar 21, 2020",0.011,11.000,67.97
India,IND,"Mar 22, 2020",0.012,12.000,53.122
India,IND,"Mar 23, 2020",0.015,15.000,47.169
India,IND,"Mar 24, 2020",0.015,15.000,42.407
India,IND,"Mar 25, 2020",0.018,18.000,44.74
India,IND,"Mar 27, 2020",0.02,20.00,38.243
India,IND,"Apr 2, 2020",0.035,35.000,24.403
India,IND,"Apr 3, 2020",0.05,50.00,30.093
India,IND,"Apr 4, 2020",0.058,58.000,27.55
India,IND,"Apr 5, 2020",0.065,65.000,26.536
India,IND,"Apr 6, 2020",0.073,73.000,24.851
India,IND,"Apr 7, 2020",0.083,83.000,25.789
India,IND,"Apr 8, 2020",0.093,93.000,24.628
India,IND,"Apr 9, 2020",0.105,105.000,25.272
India,IND,"Apr 10, 2020",0.117,117.000,25.161
India,IND,"Apr 11, 2020",0.13,130.00,24.087
India,IND,"Apr 12, 2020",0.142,142.000,23.426
India,IND,"Apr 13, 2020",0.158,158.000,23.771
India,IND,"Apr 14, 2020",0.177,177.000,23.631
India,IND,"Apr 15, 2020",0.199,199.000,24.008
India,IND,"Apr 16, 2020",0.22,220.00,24.471
India,IND,"Apr 17, 2020",0.243,243.000,25.033
India,IND,"Apr 18, 2020",0.27,270.00,25.881
India,IND,"Apr 19, 2020",0.291,291.000,25.559
India,IND,"Apr 21, 2020",0.335,335.000,24.872
India,IND,"Apr 23, 2020",0.363,363.000,23.397
India,IND,"Apr 24, 2020",0.393,393.000,23.477
India,IND,"Apr 25, 2020",0.42,420.00,23.666
India,IND,"Apr 26, 2020",0.453,453.000,23.6
India,IND,"Apr 27, 2020",0.482,482.000,23.871
India,IND,"Apr 28, 2020",0.519,519.000,24.35
India,IND,"Apr 29, 2020",0.559,559.000,24.6
India,IND,"Apr 30, 2020",0.602,602.000,25.12
India,IND,"May 1, 2020",0.654,654.000,25.758
India,IND,"May 2, 2020",0.708,708.000,26.151
India,IND,"May 3, 2020",0.758,758.000,26.174
India,IND,"May 4, 2020",0.802,802.000,26.032
India,IND,"May 5, 2020",0.864,864.000,25.67
India,IND,"May 6, 2020",0.925,925.000,25.85
India,IND,"May 7, 2020",0.984,984.000,25.635
India,IND,"May 8, 2020",1.042,1042.000,25.519
India,IND,"May 9, 2020",1.104,1104.000,25.531
India,IND,"May 10, 2020",1.166,1166.000,25.565
India,IND,"May 11, 2020",1.213,1213.000,24.924
India,IND,"May 12, 2020",1.275,1275.000,24.868